﻿{
    "configurations": [
        {
            "name": "x64-Release",
            "generator": "Ninja",
            "configurationType": "Release",
            "buildRoot": "${projectDir}\\out\\build\\${name}",
            "installRoot": "${projectDir}\\out\\install\\${name}",
            "cmakeCommandArgs": "",
            "buildCommandArgs": "",
            "ctestCommandArgs": "",
            "inheritEnvironments": [ "msvc_x64_x64" ],
            "variables": []
        },
        {
            "name": "x64-Debug",
            "generator": "Ninja",
            "configurationType": "Debug",
            "inheritEnvironments": [ "msvc_x64_x64" ],
            "buildRoot": "${projectDir}\\out\\build\\${name}",
            "installRoot": "${projectDir}\\out\\install\\${name}",
            "cmakeCommandArgs": "",
            "buildCommandArgs": "",
            "ctestCommandArgs": "",
            "variables": []
        },
        {
            "name": "x64-RelWithDebInfo",
            "generator": "Ninja",
            "configurationType": "RelWithDebInfo",
            "buildRoot": "${projectDir}\\out\\build\\${name}",
            "installRoot": "${projectDir}\\out\\install\\${name}",
            "cmakeCommandArgs": "",
            "buildCommandArgs": "",
            "ctestCommandArgs": "",
            "inheritEnvironments": [ "msvc_x64_x64" ],
            "variables": []
        }
    ]
}
